<?xml version="1.0"?>
<!--<!DOCTYPE metadata SYSTEM "http://www.esri.com/metadata/esriprof80.dtd">-->
<metadata xml:lang="en"><Esri><CreaDate>20111109</CreaDate><CreaTime>09575900</CreaTime><SyncOnce>TRUE</SyncOnce><ArcGISFormat>1.0</ArcGISFormat><DataProperties><itemProps><itemLocation><linkage Sync="TRUE">file://\\HQWD0065042\D$\Countries\Worldmap2011\Generalized\maskline11_general</linkage><protocol Sync="TRUE">Local Area Network</protocol></itemLocation></itemProps><copyHistory><copy source="D:\Countries\SouthSudan\maskline11_general" dest="\\HQWD0065042\D$\Countries\Worldmap2011\Generalized\maskline11_general" date="20111109" time="09575900"></copy></copyHistory></DataProperties></Esri><idinfo><citation><citeinfo><onlink Sync="TRUE">\\hq.intra.who.int\shares\Secure\Groups\HealthMap\GrpData\Project files\__ProjectTemplates\Generalized version\Shapefiles\maskline08_general</onlink></citeinfo></citation></idinfo><distInfo><distributor><distorTran><onLineSrc><linkage Sync="TRUE">file://\\hq.intra.who.int\shares\Secure\Groups\HealthMap\GrpData\Project files\__ProjectTemplates\Generalized version\Shapefiles\maskline08_general</linkage><protocol Sync="TRUE">Local Area Network</protocol></onLineSrc></distorTran></distributor></distInfo><dataqual><lineage><procstep><procdesc Sync="TRUE">Dataset copied.</procdesc><srcused Sync="TRUE">L:\Groups\HealthMap\GrpData\Project files\__GIS training curriculum, 2010\Geodata\maskline08_general</srcused><procdate Sync="TRUE">20101102</procdate><proctime Sync="TRUE">16385700</proctime></procstep><procstep><procdesc Sync="TRUE">Dataset copied.</procdesc><srcused Sync="TRUE">L:\Groups\HealthMap\GrpData\Project files\__ProjectTemplates\Generalized version\Shapefiles\maskline08_general</srcused><procdate Sync="TRUE">20101102</procdate><proctime Sync="TRUE">16391600</proctime></procstep><procstep><procdesc Sync="TRUE">Dataset copied.</procdesc><srcused Sync="TRUE">D:\Project files\ProjectTemplates\Generalized version\Shapefiles\maskline08_general</srcused><procdate Sync="TRUE">20101206</procdate><proctime Sync="TRUE">09441600</proctime></procstep></lineage></dataqual></metadata>
